id,email,password,fullname,phone,specialization,degree,experience,gender,image_link,created_at
2,dsabin1@redcross.org,$2a$04$m7KL3ZniNg2qNEnqZ9Rbv.8Qnl/pLbeHica04Ae5/zZnLjhok9RTe,Darice Sabin,8780663712,Gynecologist/Obstetrician,MBBS,34,Female,https://randomuser.me/api/portraits/women/16.jpg,06-10-2022 04:55
3,cburk2@archive.org,$2a$04$sGdDi8X9Af9xypCZxarUsOw5t2whFifVbCW.T6GlcBzuXqmwsJuTe,Constantia Burk,9066877179,General Surgeon,MS,19,Female,https://randomuser.me/api/portraits/women/88.jpg,05-09-2021 10:37
4,jirce3@twitter.com,$2a$04$MNfbAf5H/oMeiaG/USlOOu.FSog9UX7e4BEIzt9u32rir8O7s3Dk.,Jennine Irce,7710723437,Gynecologist/Obstetrician,MS,8,Female,https://randomuser.me/api/portraits/women/35.jpg,17-01-2022 04:36
5,prizzo4@msu.edu,$2a$04$TM0euL6MTM4VmqiB/lHxA.B/ghRF0mFwhURm1LLPqyak3AHk/uMHG,Porty Rizzo,9858836760,General Physician,MD,7,Male,https://randomuser.me/api/portraits/men/67.jpg,07-10-2022 13:41
6,lprisk5@miibeian.gov.cn,$2a$04$fcFP8H4pMEXwYYf.vFgoFes5a3n70hDZAFtgFkrJilLbqiisDPIlC,Lazarus Prisk,9149109687,General Physician,MD,14,Male,https://randomuser.me/api/portraits/men/27.jpg,23-12-2022 11:51
7,elyptratt6@imageshack.us,$2a$04$z4fvmS49d/Ql7EINShtoTOfW9tr74BRWjGylnxt72jlb.X4v8oj4q,Ezequiel Lyptratt,9327150427,Pediatrician,MBBS,18,Male,https://randomuser.me/api/portraits/men/96.jpg,13-02-2023 08:48
8,kgreenshields7@digg.com,$2a$04$djYBvsEM5JXHNf8ZO4p6D.bukcnQ7F9XOwNlkho2hI44x7qNhqmYu,Karlotta Greenshields,7129962684,Physiotherapist,Master of Physiotherapy (MPT),32,Female,https://randomuser.me/api/portraits/women/76.jpg,03-11-2021 07:45
9,lmc8@github.io,$2a$04$LEnAaOwYCTd9KutAJRnYt.pEoDsDGDR/pKiRhNTlW79uWubNewcaS,Lion Mc Gee,8454080189,Dietitian/Nutrition,BSc,28,Male,https://randomuser.me/api/portraits/men/4.jpg,18-07-2021 13:38
10,belmhirst9@blinklist.com,$2a$04$26vPwcDH7CX/pPHpUywSDuwbLkgNLmA2p6GgXHqt3P6Tm/nAkHfPe,Blondie Elmhirst,7975216999,Gynecologist/Obstetrician,MD,15,Female,https://randomuser.me/api/portraits/women/78.jpg,15-06-2021 21:43
11,cpoldena@topsy.com,$2a$04$6PgQwQimq/iYFzcJNjV7H.Rd6qkToiToc6SvNjuu2adTF3r9KBm4C,Caril Polden,7261144250,Dentist,Bachelor of Dental Surgery (BDS),32,Female,https://randomuser.me/api/portraits/women/82.jpg,12-09-2021 21:17
12,sbaptistb@army.mil,$2a$04$o/ZWHYhcRkc4J/frELXEMOUF9eZhLejOocxQS3lfPe5qdmQtRJT2a,Sammie Baptist,9683486876,Gynecologist/Obstetrician,MD,7,Male,https://randomuser.me/api/portraits/men/49.jpg,02-10-2020 07:21
13,omewesc@mozilla.com,$2a$04$CgWgBrCH2VXVGBzuu1xEkuNBHcIbSAOPdskaN5MfG14/GHYsnFWce,Oliy Mewes,9108060379,Physiotherapist,Bachelor of Physiotherapy (BPT),31,Female,https://randomuser.me/api/portraits/women/20.jpg,23-09-2022 10:48
14,lwalerand@artisteer.com,$2a$04$tK/Di4RpxN2Q6R/B7r6Fcuz1HozgWtFZE9CJPn3PaiZkyWKTASkAO,Lotti Waleran,7568098109,General Surgeon,MS,27,Female,https://randomuser.me/api/portraits/women/20.jpg,26-02-2023 06:14
15,esummerelle@creativecommons.org,$2a$04$4mx6vC/owCxh9SvNM1VKQOvkINkGHfRbf1NB3dq8yFfQYQwCkbbai,Ennis Summerell,7911334972,General Surgeon,MD,7,Male,https://randomuser.me/api/portraits/men/57.jpg,17-10-2022 03:22
16,gproudlovef@dedecms.com,$2a$04$60N7ebM3AEAY8og9H6pXNuk0.7Gr4v5mLrnwHOCj9q/vPuSrQ0Myu,Gerrard Proudlove,8854859498,General Surgeon,MD,20,Male,https://randomuser.me/api/portraits/men/6.jpg,02-01-2023 03:51
17,jwraggsg@columbia.edu,$2a$04$uADdWyeqw9oNhLjvgnfPoufFaPMxX3.e8b4vuk..OccHKck.oJ49i,Jerrilee Wraggs,7184589543,General Surgeon,MD,8,Female,https://randomuser.me/api/portraits/women/33.jpg,01-02-2023 12:24
18,rbernath@nih.gov,$2a$04$MvuS4WWcJBkbnhwZKujmnuGzFawDi5GD20ih780NBXvpHcwl0SPiu,Rosaline Bernat,8983954949,General Physician,MBBS,26,Female,https://randomuser.me/api/portraits/women/90.jpg,24-10-2022 05:19
19,aboldocki@acquirethisname.com,$2a$04$3cNFUYRmBGOPmU8YCi9ULuSjYr6u9PjSj6QrPqrzH5sv5vkV4pkSm,Angus Boldock,7517951840,Pediatrician,MD,23,Male,https://randomuser.me/api/portraits/men/85.jpg,10-02-2022 09:46
20,nmurriganj@wiley.com,$2a$04$qGCEi83eBIe6XbS5TTvNTebE/Lp3d1RodoD6OC5DDhMdfDGhPh6Ta,Nanni Murrigan,9054342244,General Physician,MBBS,29,Female,https://randomuser.me/api/portraits/women/8.jpg,18-06-2021 08:55
21,mdonahuek@blogspot.com,$2a$04$1XITLdZRLaHUvHmE638WMekyxNGZPyxqaWvFwyq9LlnBEanAC3Nim,Melita Donahue,7546766091,General Surgeon,MD,8,Female,https://randomuser.me/api/portraits/women/66.jpg,01-06-2023 00:49
22,lcowilll@flickr.com,$2a$04$MflX/lEp8S4zK.6jeWCs8.lm7LKpleXJmQgs.7n46pn7Kv/YFAbSa,Lamar Cowill,8542215777,Physiotherapist,Bachelor of Physiotherapy (BPT),18,Male,https://randomuser.me/api/portraits/men/93.jpg,04-06-2022 06:23
23,rlongforthm@skype.com,$2a$04$LTkkrhQIcdwNdSDPZIr3GeBaEJNSDkFB6h5j7xpW8znRWJrLOs0GG,Reinwald Longforth,8580997020,Orthopedist,MD,25,Male,https://randomuser.me/api/portraits/men/26.jpg,12-02-2021 15:25
24,jferrinon@163.com,$2a$04$pqJWMC109si0oLei9T83Xey2FZATNrZlfu3VnzhHlcr4zIFLygmry,Judon Ferrino,8241798224,Gynecologist/Obstetrician,MBBS,10,Male,https://randomuser.me/api/portraits/men/5.jpg,28-12-2020 04:24
25,shamlyno@webnode.com,$2a$04$ykLFSemdagp0sFHMtOT6T.j9bpgF4Y/I3vorncDDEDg3FLcFuvTy2,Stavros Hamlyn,8520630374,General Physician,MBBS,10,Male,https://randomuser.me/api/portraits/men/59.jpg,21-09-2022 10:27
26,eplumbp@unesco.org,$2a$04$tfqk2ZezDp2hDkiU2vaESOaHldigk69.9DbWzoMDDETIReR5SHNri,Elke Plumb,9585855527,General Physician,MD,11,Female,https://randomuser.me/api/portraits/women/78.jpg,22-05-2021 07:42
27,ckoppelmannq@sakura.ne.jp,$2a$04$C1YP2dtmnSGG5vij0TWzHO6mUK/zhJ3USQYa0x1MVL0VlFx9w087i,Chad Koppelmann,7956516424,General Surgeon,MS,15,Female,https://randomuser.me/api/portraits/women/32.jpg,20-11-2020 19:07
28,llathleiffr@sphinn.com,$2a$04$8ISVkQQefUfqsI.KO79i8eiAYJGExVCRmPUenWiPC8XhqoHsy7TSy,Lorin Lathleiff,7759481088,Gynecologist/Obstetrician,MD,26,Male,https://randomuser.me/api/portraits/men/53.jpg,03-11-2020 05:48
29,efidges@photobucket.com,$2a$04$AV.mWM7deZdr3jYcG6ul7ut5tjhfA9EEnNBmzJKvh6/Z2ZNS/W7mO,Eliot Fidge,7428239801,Orthopedist,MD,13,Male,https://randomuser.me/api/portraits/men/2.jpg,02-05-2022 19:48
30,wwalsht@com.com,$2a$04$M/KlviPP.LykNH.ZcpGZX.yEoRXxcXEyi.sBfKxRhD/PyMsOlgzP6,Wilbur Walsh,8933895355,Gynecologist/Obstetrician,MS,35,Male,https://randomuser.me/api/portraits/men/28.jpg,26-07-2023 01:39
31,wcamplinu@discuz.net,$2a$04$QfxbPcZY0RBS6jtGxEftX.tBX6aWV3lNPbDRnq/dxLBe0QL/EygSG,Wolfie Camplin,7060566908,Orthopedist,MS,33,Male,https://randomuser.me/api/portraits/men/2.jpg,28-05-2021 05:18
32,blawnv@seattletimes.com,$2a$04$gmnAhf3uKq.Q8JLCUD/1me5H10MV3RISUnDBMfWU2OKXWLUygM.Jy,Baillie Lawn,9066394823,Gynecologist/Obstetrician,MS,26,Male,https://randomuser.me/api/portraits/men/47.jpg,24-10-2021 22:35
33,jeddowisw@github.com,$2a$04$CYFAOymyB1M.g1UtNdPrm.nENxvftObpP5iOrehK4odg7WGpeRJtK,Jenda Eddowis,7197749495,General Physician,MBBS,27,Female,https://randomuser.me/api/portraits/women/3.jpg,18-06-2021 00:58
34,aheistermannx@ning.com,$2a$04$f8IcmM9x4Pqha5AqTmH3o.20yn/Nb0JTjDAbL1rA9/w6GGLU1I.0q,Adelbert Heistermann,8554047133,Gynecologist/Obstetrician,MS,15,Male,https://randomuser.me/api/portraits/men/24.jpg,24-04-2022 01:05
35,abynerty@instagram.com,$2a$04$uk8EG3h8XIKHXbDmvjwUgucHeXnH5KCphymPSBBaH05O3pQBWihu2,Alyss Bynert,9504170606,Dentist,Bachelor of Dental Surgery (BDS),23,Female,https://randomuser.me/api/portraits/women/45.jpg,24-10-2021 21:06
36,lacoryz@techcrunch.com,$2a$04$xy4N80nvEJx.R.SMo.4f7ufCVhBTU1jMMnT0WghtwbEnq.VPUbFYK,Lucho Acory,8086475822,Gynecologist/Obstetrician,MS,24,Male,https://randomuser.me/api/portraits/men/30.jpg,25-03-2021 11:55
37,bbraam10@dedecms.com,$2a$04$2VHUfnZUnaOced/S4VJ8reMPl/ohTDs7xz5LNY2hxq2ZYy6HyrU2a,Billye Braam,9913798918,Dietitian/Nutrition,BSc,27,Female,https://randomuser.me/api/portraits/women/98.jpg,21-08-2021 14:37
38,eelsdon11@theglobeandmail.com,$2a$04$qBTz1NzUGXcMqcHfD0rod.xumVLtE2cHikWRwJYJ1hOMpx4i0fD7C,Egon Elsdon,8306719632,General Surgeon,MS,13,Male,https://randomuser.me/api/portraits/men/37.jpg,12-03-2023 10:54
39,froger12@reddit.com,$2a$04$7bUFhvB1a2a0B82BAfsQbu20dvggF5ejGQKW93Xv6GxEyUCJqfRFG,Farley Roger,8948016275,Gastroenterologist,MD,34,Male,https://randomuser.me/api/portraits/men/28.jpg,24-01-2021 04:13
40,aryde13@domainmarket.com,$2a$04$fPOYC1dBfYJ1RhdJDuCKuODysej8el8XN0h2.Q3LZ3grbwmhqwc.S,Abel Ryde,8874384895,Dentist,Bachelor of Dental Surgery (BDS),10,Male,https://randomuser.me/api/portraits/men/57.jpg,18-02-2021 20:32
41,mpalfrie14@weibo.com,$2a$04$ubbnzyTo4frpgBETkwj1m.SXkaM.8bt.P7AwHZ422tybHbN/xhTJa,Melly Palfrie,9700547629,Orthopedist,MS,29,Female,https://randomuser.me/api/portraits/women/63.jpg,17-12-2021 19:24
42,ycheasman15@prlog.org,$2a$04$xFnsx/Ip8ktWNsMEoujdiucl6ieJNDUb0GMiEoXYTswzorS6VikUS,Yasmin Cheasman,8569612725,General Physician,MD,28,Female,https://randomuser.me/api/portraits/women/54.jpg,11-11-2022 00:50
43,opeare16@utexas.edu,$2a$04$fhWoVJE5EVKzx5UhPcX36et1rcVLo/wVkcF.0dkHJVLzz8eQi3fr6,Odella Peare,9161872899,Gynecologist/Obstetrician,MS,9,Female,https://randomuser.me/api/portraits/women/44.jpg,29-07-2023 20:19
44,aiceton17@google.com.br,$2a$04$rffogk.ds5kiraLy4Ci4guiksSizT/U381tXy.wvT.NEWgzrMuvTG,Alicia Iceton,8189225204,Gynecologist/Obstetrician,MBBS,23,Female,https://randomuser.me/api/portraits/women/89.jpg,30-09-2020 02:08
45,bpiegrome18@twitter.com,$2a$04$E1uqq9WcHIaH7kjo7bycLeo3ppCBRXlHlYv1u6pQTAXJBRxApBAF2,Barbra Piegrome,8974584489,General Surgeon,MS,28,Female,https://randomuser.me/api/portraits/women/68.jpg,02-10-2022 00:23
46,ryeardley19@hud.gov,$2a$04$Q.cASeCFMKl1EZT5k26..uEnDz2qhsAKVMmBBjC6ALGTK8YR7xyBa,Rona Yeardley,8623297089,Orthopedist,MS,23,Female,https://randomuser.me/api/portraits/women/4.jpg,04-07-2023 04:57
47,bdurtnel1a@omniture.com,$2a$04$1WpK7Xy9lHSwVTriYjKNnuveeZ5fVFZQ/eP05CWGUUbIEitO9gh..,Bron Durtnel,8798665870,Gynecologist/Obstetrician,MBBS,29,Male,https://randomuser.me/api/portraits/men/26.jpg,22-05-2023 17:30
48,pantrag1b@networksolutions.com,$2a$04$9wsN593gdUBCQbxv8p4TZeC3c5k0fXYIm5pmdKA0YgS1/QLAKT2Ge,Phillipe Antrag,8352539296,Pediatrician,MD,18,Male,https://randomuser.me/api/portraits/men/13.jpg,21-01-2022 22:26
49,frajchert1c@dropbox.com,$2a$04$Fb5E4Myn.haGmzGRYk7Zgup7W4HJJfspfvK42wVc2zkvAyjx.gk.G,Fonsie Rajchert,9987755328,Pediatrician,MD,30,Male,https://randomuser.me/api/portraits/men/59.jpg,14-03-2021 08:05
50,kshippey1d@squidoo.com,$2a$04$2Ypr75ppYaYTfAqqNBB.B.YV1IGtmqTvbJ0N29TqS3e9XiI/nv4q.,Kathie Shippey,7633654135,General Physician,MD,6,Female,https://randomuser.me/api/portraits/women/38.jpg,07-01-2022 20:09
51,iprantl1e@scribd.com,$2a$04$ns388Q0U9ulc4V.xw/5wHuC6GXNWEu309SOVsfIh7gDOVnTwAnddC,Ingrim Prantl,8809086742,General Physician,MD,10,Male,https://randomuser.me/api/portraits/men/58.jpg,28-12-2021 10:09
52,craithmill1f@phpbb.com,$2a$04$aprDq51keT07a0fguEsDSOtgDVAjXTl45H.0FI0M3H/ZhZxBN9SAy,Christel Raithmill,7509541224,Pediatrician,MBBS,32,Female,https://randomuser.me/api/portraits/women/69.jpg,17-09-2020 09:46
53,skilgour1g@liveinternet.ru,$2a$04$qtcoqln4U7l/QE5hXVyf3u9l79OvvcYKBVkRTNYrtQ8AEi3gaM0Ru,Sarita Kilgour,7838051214,General Physician,MBBS,33,Female,https://randomuser.me/api/portraits/women/32.jpg,23-02-2021 02:36
54,tdevenish1h@eepurl.com,$2a$04$GD67XKrwvyCChQkhrojiOO7mbEuxzmDCweYcsj.aERwGhu9qzjZDy,Tait Devenish,9751888268,Gynecologist/Obstetrician,MD,15,Male,https://randomuser.me/api/portraits/men/78.jpg,25-11-2021 00:39
55,adufton1i@wordpress.com,$2a$04$IoCm9xeYhWH4B6t8BPrske.7cvGvdza9DJqpWzYUnM5a1ahbpntHu,Alexandra Dufton,8884065188,Orthopedist,MD,7,Female,https://randomuser.me/api/portraits/women/50.jpg,14-07-2021 19:48
56,battyeo1j@squidoo.com,$2a$04$6lTRO401A/J.9BDHIwEUteYwyIrf4bI/w2iClt6bHMRsqQhLANhdi,Burke Attyeo,7092293122,Gynecologist/Obstetrician,MS,35,Male,https://randomuser.me/api/portraits/men/47.jpg,10-05-2023 22:55
57,ddrees1k@reference.com,$2a$04$.RXlAhwzulPfRmx.FpKvbO4SIJDLd20TEcuS3CkHTsrVNsfaQ5Kae,Dall Drees,7832342235,General Physician,MBBS,33,Male,https://randomuser.me/api/portraits/men/45.jpg,21-10-2021 05:28
58,cayshford1l@wordpress.com,$2a$04$GK4SU5DvqK2UvIoOLAReIOr5F6mu.WXg5QwqRmH5VROqmKYj9LeaC,Corissa Ayshford,7455314926,General Surgeon,MS,28,Female,https://randomuser.me/api/portraits/women/94.jpg,10-08-2021 12:04
59,dmedlen1m@issuu.com,$2a$04$07MI5UKU4uyS4AxKn24fGuO3f4Ll6Y7WTgHIllPpzTsZu.lIW3OKG,Dierdre Medlen,8357858495,Orthopedist,MS,11,Female,https://randomuser.me/api/portraits/women/32.jpg,11-10-2021 07:26
60,kfarnan1n@miitbeian.gov.cn,$2a$04$TRmaQQwhht8TYUie9xK8uOXNbx4ZFzp/YU7Za4R1GJio65tdZM8Y6,Karlik Farnan,8848026722,General Physician,MBBS,16,Male,https://randomuser.me/api/portraits/men/11.jpg,25-07-2022 08:22
61,gpatrick1o@microsoft.com,$2a$04$PtVuUUvU9dT4gffHQkCel.B5p5WchPths1n3ykSrT7/h2Lgk.BZDm,Glenine Patrick,7267718841,General Surgeon,MD,33,Female,https://randomuser.me/api/portraits/women/25.jpg,22-02-2021 05:19
62,qtowl1p@ucoz.ru,$2a$04$Bn1qjjjYKYgksGeVgYlYb.v9xERj.UOZ8JVldv/8Vr/rojm3TXg9i,Quintana Towl,9319669214,Dentist,Bachelor of Dental Surgery (BDS),7,Female,https://randomuser.me/api/portraits/women/2.jpg,28-02-2023 19:57
63,pdulen1q@google.com.hk,$2a$04$7xuIyV2BbEkpGU5BE43I0OI7iM7i2qbjjfSVPGusZLausTozSpQ02,Paquito Dulen,7641683996,General Surgeon,MS,6,Male,https://randomuser.me/api/portraits/men/12.jpg,24-02-2022 23:38
64,achappelow1r@cargocollective.com,$2a$04$fKpxFo5kpimsUFu14LTSiOpCVxebWmq6iFh3w9g4J.ZRNayZZdFiG,Andy Chappelow,7603817690,Pediatrician,MD,24,Male,https://randomuser.me/api/portraits/men/16.jpg,06-03-2022 00:37
65,kdavidsson1s@qq.com,$2a$04$JRb28PTh8nMHlMM/5nb5dejr9Uvume6Az5ynwzMo9xlVEMMA6nHNG,Kasey Davidsson,7047173993,Gynecologist/Obstetrician,MS,9,Female,https://randomuser.me/api/portraits/women/63.jpg,04-07-2023 12:42
66,smacnockater1t@nymag.com,$2a$04$24Br7PogSv1qn4noL2ZbQOv4n7bzmCTs9NxTJzz939ua7pJKLyVZ.,Sigismond MacNockater,7111519541,Pediatrician,MBBS,33,Male,https://randomuser.me/api/portraits/men/89.jpg,15-04-2023 18:01
67,tdeddum1u@jigsy.com,$2a$04$Y.vUD.58mDyHEdRxZXSG.OdtGKRUPBrC5SFwnlvY5JWOFiZ3L1wG.,Temp Deddum,8475860455,General Physician,MBBS,26,Male,https://randomuser.me/api/portraits/men/12.jpg,01-01-2022 08:06
68,aryman1v@skype.com,$2a$04$w2bmi5UZO6EkhfbBs04MD.MMEiNpBnR.TfrCt35R.Ha.u/9qLzqfq,Ardelle Ryman,7556877425,Pediatrician,MBBS,28,Female,https://randomuser.me/api/portraits/women/87.jpg,31-12-2020 14:38
69,rwestfield1w@networkadvertising.org,$2a$04$/nicpjJsnOS5Ci/u/ZEjfulmFs/22lqhfruApuHFXSkkdthC8ghC.,Roman Westfield,9685573390,General Physician,MBBS,20,Male,https://randomuser.me/api/portraits/men/1.jpg,27-12-2022 01:52
70,emckniely1x@reuters.com,$2a$04$jHwaCeGc69hPkehKORWyvOylQgW4ur5eDE57z9Se5Zg4ji3zqbxU2,Ethelbert McKniely,9038505454,General Surgeon,MS,26,Male,https://randomuser.me/api/portraits/men/24.jpg,03-06-2023 18:55
71,alowden1y@wisc.edu,$2a$04$rdVrN8AZzvDeH56SgjGUjeH5zTQhwSGyPaHX09ScpBXtfIW0Jkpju,Annette Lowden,9280667616,Gynecologist/Obstetrician,MBBS,7,Female,https://randomuser.me/api/portraits/women/50.jpg,24-04-2023 18:46
72,aklasen1z@dailymail.co.uk,$2a$04$/f0034HlgWJ5Yl7TrWUl5ubRZYf959Gr81B1l84OmxxKkpTGXy90G,Alysia Klasen,7052809375,Gynecologist/Obstetrician,MD,31,Female,https://randomuser.me/api/portraits/women/21.jpg,27-08-2022 15:41
73,scaffery20@umich.edu,$2a$04$aqkwY8pp/sSupCbk1EojZOdp7Ijy5Z.X61N9C4kNnvjNX22vQ8Uqu,Shelton Caffery,9012435380,General Physician,MD,12,Male,https://randomuser.me/api/portraits/men/62.jpg,20-07-2023 03:54
74,bdownage21@netvibes.com,$2a$04$jGKBGzQkn7I0GgaWghlh5.8EEXf1V904rfzbGVMpzEhBP3M9sTGbu,Baily Downage,7829492298,General Surgeon,MS,28,Male,https://randomuser.me/api/portraits/men/78.jpg,28-08-2020 17:20
75,nclaypoole22@pen.io,$2a$04$3d3afqdrayOdkyxopbiy1uTkgAzOhdMVPaj6F4ll7OGaIuJbXHzXy,Nehemiah Claypoole,9966940724,General Surgeon,MD,18,Male,https://randomuser.me/api/portraits/men/12.jpg,21-11-2021 15:18
76,dstandbrooke23@theguardian.com,$2a$04$TV3BhBEg/d8NLevgH98t4uJpODtOld1p7f0do99BkwPH0WyX/KNuG,Davide Standbrooke,9850268746,Pediatrician,MBBS,12,Male,https://randomuser.me/api/portraits/men/11.jpg,30-03-2022 06:09
77,mgrahame24@nhs.uk,$2a$04$JAgSppyJfKI1C/vrsOISoOCQRM1RXq0k8PcyXQW1ouyXsLoD1bpGC,Meade Grahame,8232589291,Gynecologist/Obstetrician,MS,6,Male,https://randomuser.me/api/portraits/men/26.jpg,27-12-2022 18:29
78,aheller25@geocities.jp,$2a$04$fxbaAwxQDLxpJCFUYs2xA.tp1QakRD2xa6PHKr.oXZkj0TtntW2FC,Adora Heller,7017840723,Dentist,Bachelor of Dental Surgery (BDS),35,Female,https://randomuser.me/api/portraits/women/85.jpg,16-11-2022 08:29
79,smatskevich26@icio.us,$2a$04$a/5.pEwpvwliEC3KgdHH.Oxyv/xe9Qdkvv4D5DvffFmzpjrhMdC02,Sula Matskevich,7414342708,General Surgeon,MD,21,Female,https://randomuser.me/api/portraits/women/72.jpg,01-09-2020 01:01
80,gmaudlin27@vkontakte.ru,$2a$04$mfpFiC8PlC6v9a66ey4AhOGkEZKIYD1gPqIZESY5pyP1mMD7ur336,Giles Maudlin,9880333677,Gynecologist/Obstetrician,MD,30,Male,https://randomuser.me/api/portraits/men/9.jpg,26-05-2023 01:02
81,bfehner28@cyberchimps.com,$2a$04$xP5H3nZI9BlV6gXgOcoyuu/86Uw5hGCQxqxog8bt/K7jP6sQlLS2y,Brittney Fehner,9733623264,Gynecologist/Obstetrician,MS,15,Female,https://randomuser.me/api/portraits/women/88.jpg,22-06-2022 14:25
82,gbrazenor29@deliciousdays.com,$2a$04$QiF4UpYGjmm10phHkujkzecKcRzZlHK8j8JO/AbLED2kjkplc5zU6,Gennie Brazenor,7038960786,Physiotherapist,Bachelor of Physiotherapy (BPT),32,Female,https://randomuser.me/api/portraits/women/54.jpg,08-03-2021 16:00
83,hpenman2a@surveymonkey.com,$2a$04$mZNAFir50oekB37t/xEyKenM3qVtlPS9AEJsVJ2Abun8ALZ08Y7gG,Hardy Penman,7249611845,Gynecologist/Obstetrician,MS,19,Male,https://randomuser.me/api/portraits/men/43.jpg,09-03-2022 01:44
84,cbunney2b@auda.org.au,$2a$04$gene5h03bcDnkvU5J0P5g.sE6fqemiZh5UCzF2qySGWOiIdDXxz8.,Christi Bunney,8220326584,Dentist,Bachelor of Dental Surgery (BDS),7,Female,https://randomuser.me/api/portraits/women/13.jpg,15-09-2021 15:46
85,bcrissil2c@nbcnews.com,$2a$04$KdLrPj3XiBH0.3eNwqA2RuaLlh9NObrnjXEq.befzWnSOFT1rx8A.,Birgit Crissil,8343970623,Pediatrician,MD,33,Female,https://randomuser.me/api/portraits/women/40.jpg,28-01-2021 21:17
86,bthurske2d@phoca.cz,$2a$04$U9CM2sY/RaGt1zJlh577WunfPgdBAxggiYlzQXXBS9WpTpPh/FLdK,Brendis Thurske,8282451162,General Surgeon,MS,17,Male,https://randomuser.me/api/portraits/men/23.jpg,15-09-2021 21:21
87,kronisch2e@bizjournals.com,$2a$04$x3qtbH5qGrbBbS/hTP3/a.ukKwazew0DKJgZ8BBBt.emmpXUnr4zO,Kristen Ronisch,9791917479,Gynecologist/Obstetrician,MS,13,Female,https://randomuser.me/api/portraits/women/12.jpg,08-01-2021 08:10
88,hhurich2f@accuweather.com,$2a$04$0Iywld04g7gYYtPvxIldieogTxYx9i7P//TuVMF10QuVMXlqna0Ry,Herve Hurich,7917662413,Gynecologist/Obstetrician,MD,6,Male,https://randomuser.me/api/portraits/men/78.jpg,12-05-2022 12:23
89,dwimpress2g@wiley.com,$2a$04$8wJmbHpurN6IYdPCbjgv4u38ydfsPPHNAzXEP7/fe0SO1E5Xctcmm,Dulcinea Wimpress,7537813597,Orthopedist,MD,29,Female,https://randomuser.me/api/portraits/women/56.jpg,06-12-2021 20:00
90,jbroomhead2h@stanford.edu,$2a$04$aJLU.96KAk/NrxaYKZQu8uDiJFyMBkdx3SAmrQS9iLq0fukQZYJFe,Jenn Broomhead,7255514124,Physiotherapist,Master of Physiotherapy (MPT),23,Female,https://randomuser.me/api/portraits/women/97.jpg,28-08-2021 09:41
91,wscowcraft2i@liveinternet.ru,$2a$04$oowDe45YQReUyUCd7gJySuX9eVYKH7J6QL0JaAT0PZIwwP29ZybXC,Witty Scowcraft,7538048235,Gynecologist/Obstetrician,MS,31,Male,https://randomuser.me/api/portraits/men/29.jpg,14-12-2022 02:04
92,kshorland2j@narod.ru,$2a$04$a7DZ6wUNM8LqbhXPJwVa2.bb6CNae6OVHUhGoQ4Q.MCg81FrpT8dS,Koren Shorland,9580603950,Dietitian/Nutrition,MSc,23,Female,https://randomuser.me/api/portraits/women/40.jpg,10-02-2022 01:27
93,ztoppin2k@hostgator.com,$2a$04$A8LRgEAL1cuiqVLLOXJt0eOkqvJkOnMx21WiYIt5Cf6FjZX5KF1Ly,Zara Toppin,7705875918,General Surgeon,MBBS,32,Female,https://randomuser.me/api/portraits/women/13.jpg,20-09-2021 17:07
94,bdabels2l@sciencedirect.com,$2a$04$oD9TpIzsvL73vFkQ5puFAu4z0xGzogpIn9680xIzpxe7jomUlWQ/y,Base Dabels,7232600016,Dentist,Bachelor of Dental Surgery (BDS),30,Male,https://randomuser.me/api/portraits/men/44.jpg,31-03-2022 14:33
95,mkay2m@netscape.com,$2a$04$rzEukSMEEP7QL8Q6tu0mCOLU3jA.THq1asjW3o0yhfotyaSN06n26,Mohandis Kay,9677868758,Gynecologist/Obstetrician,MD,7,Male,https://randomuser.me/api/portraits/men/54.jpg,08-02-2022 03:53
96,zodowgaine2n@senate.gov,$2a$04$1fs3nJo88GedRO.DlyDbo.JABzhaAonajKEbj9PSxhHkZiPTA/GJG,Zebulon O'Dowgaine,9761382377,Orthopedist,MBBS,30,Male,https://randomuser.me/api/portraits/men/74.jpg,13-05-2021 10:26
97,inock2o@hp.com,$2a$04$zZHNDG5OroeMkhTqzKEHy.r1c2tjc7/vnuMrm4uN/3lhuQcDsLnry,Ira Nock,8925654039,Physiotherapist,Master of Physiotherapy (MPT),9,Female,https://randomuser.me/api/portraits/women/3.jpg,16-07-2021 17:22
98,alinforth2p@hostgator.com,$2a$04$5baPlsZmffvTagIfhRP0A.rGsnCc2BUSrob7LKqJpKMG0R35kuyBq,Amitie Linforth,9060121183,Orthopedist,MS,28,Female,https://randomuser.me/api/portraits/women/60.jpg,27-06-2022 13:53
99,ppercy2q@princeton.edu,$2a$04$yn/7A83CY.sqSzVTVc6t7u65z0jQJxCqEsdUnEYPqeMWHODgnY7TS,Patrizio Percy,9084688950,General Physician,MBBS,34,Male,https://randomuser.me/api/portraits/men/89.jpg,23-09-2022 06:50
100,bburges2r@cbslocal.com,$2a$04$wMsSo5rd5zxOj3N6ge/hM.N3PFMqWuc8Sd4mHBfls2FkqpGal3RRy,Biron Burges,8618455077,Pediatrician,MBBS,22,Male,https://randomuser.me/api/portraits/men/73.jpg,05-07-2021 08:08
